{
    "mse_mean": 0.042605299065796146,
    "mse_std": 0.04589683526545782,
    "ssim_mean": 0.6956248366068558,
    "ssim_std": 0.06281029050984477
}