{
    "mse_mean": 0.04262173694220528,
    "mse_std": 0.04591728830028963,
    "ssim_mean": 0.693507442140669,
    "ssim_std": 0.0650660918156963
}